{"metadata":{"asset_id":"c106edcf-4b1a-4fc0-88f3-30f3c6cd10b5","asset_attributes":["notebook"],"name":"Kayla Morris Final Data Analysis ","asset_type":"notebook","created_at":"2021-04-01T00:55:56Z","description":"","origin_country":"us","owner_id":"IBMid-661001PGXJ","project_id":"17e75ae4-2d75-49c6-ae3c-83d9f8c1fc1b","size":17612,"tags":["notebook"],"usage":{"last_update_time":1617243479062,"last_updated_at":"2021-04-01T02:17:59Z"}},"entity":{"notebook":{"kernel":{"name":"python3","display_name":"Python 3.7","language":"python"},"originates_from":{"type":"blank"},"runtime":{"environment":"conda2py37-17e75ae4-2d75-49c6-ae3c-83d9f8c1fc1b"}}},"attachments":[{"id":"3e432849-117b-465a-9f0c-136e0438ebb5","version":2,"asset_type":"notebook","name":"attachment for notebook c106edcf-4b1a-4fc0-88f3-30f3c6cd10b5","description":"attachment for notebook c106edcf-4b1a-4fc0-88f3-30f3c6cd10b5","mime":"application/json","datasource_type":"193a97c1-4475-4a19-b90c-295c4fdc6517","object_key":"notebook/Kayla_Morris_Final_Data_Analysis__YjqdVE-1P.ipynb","creator_id":"IBMid-661001PGXJ","create_time":1617238557126,"size":17612,"is_remote":false,"is_managed":false,"is_referenced":true,"is_object_key_read_only":false,"is_user_provided_path_key":true,"transfer_complete":true,"is_partitioned":false,"complete_time_ticks":1617238557126,"user_data":{},"test_doc":0,"handle":{"bucket":"kaylamorrisfinaldataanalysispytho-donotdelete-pr-sgm7k3fps454gv","location":"us-geo","key":"notebook/Kayla_Morris_Final_Data_Analysis__YjqdVE-1P.ipynb","upload_id":"done","max_part_num":1},"usage":{"access_count":0,"last_accessor_id":"IBMid-661001PGXJ","last_access_time":1617238557126}}]}
